,state,state_abbreviation,county,fips,party,candidate,votes,fraction_votes
0,Hawaii,HI,Hawaii County,15001,Republican,Donald Trump,955,0.48
1,Hawaii,HI,Hawaii County,15001,Republican,Ted Cruz,562,0.28
2,Hawaii,HI,Hawaii County,15001,Republican,Marco Rubio,232,0.12
3,Hawaii,HI,Hawaii County,15001,Republican,John Kasich,229,0.11
4,Hawaii,HI,Honolulu County,15003,Republican,Donald Trump,3664,0.41
5,Hawaii,HI,Honolulu County,15003,Republican,Ted Cruz,3100,0.34
6,Hawaii,HI,Honolulu County,15003,Republican,Marco Rubio,1261,0.14
7,Hawaii,HI,Honolulu County,15003,Republican,John Kasich,918,0.1
8,Hawaii,HI,Kauai County,15007,Republican,Donald Trump,380,0.43
9,Hawaii,HI,Kauai County,15007,Republican,Ted Cruz,317,0.36
10,Hawaii,HI,Kauai County,15007,Republican,John Kasich,102,0.11
11,Hawaii,HI,Kauai County,15007,Republican,Marco Rubio,80,0.09
12,Hawaii,HI,Maui County,15009,Republican,Donald Trump,678,0.47
13,Hawaii,HI,Maui County,15009,Republican,Ted Cruz,400,0.28
14,Hawaii,HI,Maui County,15009,Republican,Marco Rubio,186,0.13
15,Hawaii,HI,Maui County,15009,Republican,John Kasich,164,0.11
0,Idaho,ID,Ada County,16001,Republican,Ted Cruz,20156,0.4
1,Idaho,ID,Ada County,16001,Republican,Donald Trump,15191,0.3
2,Idaho,ID,Ada County,16001,Republican,Marco Rubio,8074,0.16
3,Idaho,ID,Ada County,16001,Republican,John Kasich,5306,0.11
4,Idaho,ID,Adams County,8001,Republican,Donald Trump,354,0.43
5,Idaho,ID,Adams County,8001,Republican,Ted Cruz,292,0.36
6,Idaho,ID,Adams County,8001,Republican,Marco Rubio,97,0.12
7,Idaho,ID,Adams County,8001,Republican,John Kasich,64,0.08
8,Idaho,ID,Bannock County,16005,Republican,Ted Cruz,4404,0.5
9,Idaho,ID,Bannock County,16005,Republican,Marco Rubio,2017,0.23
10,Idaho,ID,Bannock County,16005,Republican,Donald Trump,1711,0.19
11,Idaho,ID,Bannock County,16005,Republican,John Kasich,494,0.06
12,Idaho,ID,Bear Lake County,16007,Republican,Ted Cruz,643,0.43
13,Idaho,ID,Bear Lake County,16007,Republican,Donald Trump,363,0.24
14,Idaho,ID,Bear Lake County,16007,Republican,Marco Rubio,330,0.22
15,Idaho,ID,Bear Lake County,16007,Republican,John Kasich,92,0.06
16,Idaho,ID,Benewah County,16009,Republican,Ted Cruz,671,0.51
17,Idaho,ID,Benewah County,16009,Republican,Donald Trump,428,0.33
18,Idaho,ID,Benewah County,16009,Republican,Marco Rubio,87,0.07
19,Idaho,ID,Benewah County,16009,Republican,John Kasich,80,0.06
20,Idaho,ID,Bingham County,16011,Republican,Ted Cruz,3471,0.5
21,Idaho,ID,Bingham County,16011,Republican,Marco Rubio,1761,0.25
22,Idaho,ID,Bingham County,16011,Republican,Donald Trump,1191,0.17
23,Idaho,ID,Bingham County,16011,Republican,John Kasich,304,0.04
24,Idaho,ID,Blaine County,16013,Republican,Donald Trump,543,0.35
25,Idaho,ID,Blaine County,16013,Republican,Ted Cruz,370,0.24
26,Idaho,ID,Blaine County,16013,Republican,John Kasich,358,0.23
27,Idaho,ID,Blaine County,16013,Republican,Marco Rubio,238,0.15
28,Idaho,ID,Boise County,16015,Republican,Donald Trump,691,0.43
29,Idaho,ID,Boise County,16015,Republican,Ted Cruz,541,0.34
30,Idaho,ID,Boise County,16015,Republican,Marco Rubio,171,0.11
31,Idaho,ID,Boise County,16015,Republican,John Kasich,142,0.09
32,Idaho,ID,Bonner County,16017,Republican,Ted Cruz,3132,0.46
33,Idaho,ID,Bonner County,16017,Republican,Donald Trump,2410,0.35
34,Idaho,ID,Bonner County,16017,Republican,John Kasich,587,0.09
35,Idaho,ID,Bonner County,16017,Republican,Marco Rubio,509,0.07
36,Idaho,ID,Bonneville County,16019,Republican,Ted Cruz,7794,0.46
37,Idaho,ID,Bonneville County,16019,Republican,Marco Rubio,4901,0.29
38,Idaho,ID,Bonneville County,16019,Republican,Donald Trump,2702,0.16
39,Idaho,ID,Bonneville County,16019,Republican,John Kasich,1070,0.06
40,Idaho,ID,Boundary County,16021,Republican,Ted Cruz,901,0.45
41,Idaho,ID,Boundary County,16021,Republican,Donald Trump,788,0.4
42,Idaho,ID,Boundary County,16021,Republican,Marco Rubio,131,0.07
43,Idaho,ID,Boundary County,16021,Republican,John Kasich,107,0.05
44,Idaho,ID,Butte County,6007,Republican,Ted Cruz,275,0.48
45,Idaho,ID,Butte County,6007,Republican,Donald Trump,138,0.24
46,Idaho,ID,Butte County,6007,Republican,Marco Rubio,117,0.2
47,Idaho,ID,Butte County,6007,Republican,John Kasich,30,0.05
48,Idaho,ID,Camas County,16025,Republican,Donald Trump,130,0.42
49,Idaho,ID,Camas County,16025,Republican,Ted Cruz,75,0.24
50,Idaho,ID,Camas County,16025,Republican,Marco Rubio,47,0.15
51,Idaho,ID,Camas County,16025,Republican,John Kasich,38,0.13
52,Idaho,ID,Canyon County,16027,Republican,Ted Cruz,11164,0.47
53,Idaho,ID,Canyon County,16027,Republican,Donald Trump,7341,0.31
54,Idaho,ID,Canyon County,16027,Republican,Marco Rubio,2987,0.13
55,Idaho,ID,Canyon County,16027,Republican,John Kasich,1376,0.06
56,Idaho,ID,Caribou County,16029,Republican,Ted Cruz,602,0.44
57,Idaho,ID,Caribou County,16029,Republican,Donald Trump,304,0.22
58,Idaho,ID,Caribou County,16029,Republican,Marco Rubio,299,0.22
59,Idaho,ID,Caribou County,16029,Republican,John Kasich,87,0.06
60,Idaho,ID,Cassia County,16031,Republican,Ted Cruz,2095,0.47
61,Idaho,ID,Cassia County,16031,Republican,Donald Trump,1025,0.23
62,Idaho,ID,Cassia County,16031,Republican,Marco Rubio,819,0.18
63,Idaho,ID,Cassia County,16031,Republican,John Kasich,245,0.06
64,Idaho,ID,Clark County,5019,Republican,Ted Cruz,62,0.35
65,Idaho,ID,Clark County,5019,Republican,Marco Rubio,56,0.32
66,Idaho,ID,Clark County,5019,Republican,Donald Trump,44,0.25
67,Idaho,ID,Clark County,5019,Republican,John Kasich,7,0.04
68,Idaho,ID,Clearwater County,16035,Republican,Donald Trump,629,0.45
69,Idaho,ID,Clearwater County,16035,Republican,Ted Cruz,477,0.34
70,Idaho,ID,Clearwater County,16035,Republican,Marco Rubio,149,0.11
71,Idaho,ID,Clearwater County,16035,Republican,John Kasich,89,0.06
72,Idaho,ID,Custer County,8027,Republican,Donald Trump,430,0.42
73,Idaho,ID,Custer County,8027,Republican,Ted Cruz,285,0.28
74,Idaho,ID,Custer County,8027,Republican,Marco Rubio,174,0.17
75,Idaho,ID,Custer County,8027,Republican,John Kasich,91,0.09
76,Idaho,ID,Elmore County,1051,Republican,Donald Trump,1252,0.44
77,Idaho,ID,Elmore County,1051,Republican,Ted Cruz,892,0.32
78,Idaho,ID,Elmore County,1051,Republican,Marco Rubio,378,0.13
79,Idaho,ID,Elmore County,1051,Republican,John Kasich,209,0.07
80,Idaho,ID,Franklin County,1059,Republican,Ted Cruz,1187,0.5
81,Idaho,ID,Franklin County,1059,Republican,Marco Rubio,509,0.22
82,Idaho,ID,Franklin County,1059,Republican,Donald Trump,411,0.17
83,Idaho,ID,Franklin County,1059,Republican,John Kasich,129,0.05
84,Idaho,ID,Fremont County,8043,Republican,Ted Cruz,1434,0.52
85,Idaho,ID,Fremont County,8043,Republican,Marco Rubio,595,0.22
86,Idaho,ID,Fremont County,8043,Republican,Donald Trump,498,0.18
87,Idaho,ID,Fremont County,8043,Republican,John Kasich,155,0.06
88,Idaho,ID,Gem County,16045,Republican,Ted Cruz,1391,0.43
89,Idaho,ID,Gem County,16045,Republican,Donald Trump,1230,0.38
90,Idaho,ID,Gem County,16045,Republican,Marco Rubio,353,0.11
91,Idaho,ID,Gem County,16045,Republican,John Kasich,159,0.05
92,Idaho,ID,Gooding County,16047,Republican,Ted Cruz,863,0.44
93,Idaho,ID,Gooding County,16047,Republican,Donald Trump,679,0.35
94,Idaho,ID,Gooding County,16047,Republican,Marco Rubio,210,0.11
95,Idaho,ID,Gooding County,16047,Republican,John Kasich,133,0.07
96,Idaho,ID,Jefferson County,1073,Republican,Ted Cruz,3080,0.55
97,Idaho,ID,Jefferson County,1073,Republican,Marco Rubio,1323,0.24
98,Idaho,ID,Jefferson County,1073,Republican,Donald Trump,853,0.15
99,Idaho,ID,Jefferson County,1073,Republican,John Kasich,189,0.03
100,Idaho,ID,Jerome County,16053,Republican,Ted Cruz,1164,0.49
101,Idaho,ID,Jerome County,16053,Republican,Donald Trump,754,0.31
102,Idaho,ID,Jerome County,16053,Republican,Marco Rubio,231,0.1
103,Idaho,ID,Jerome County,16053,Republican,John Kasich,185,0.08
104,Idaho,ID,Kootenai County,16055,Republican,Ted Cruz,11924,0.53
105,Idaho,ID,Kootenai County,16055,Republican,Donald Trump,6516,0.29
106,Idaho,ID,Kootenai County,16055,Republican,Marco Rubio,1880,0.08
107,Idaho,ID,Kootenai County,16055,Republican,John Kasich,1528,0.07
108,Idaho,ID,Latah County,16057,Republican,Ted Cruz,2134,0.53
109,Idaho,ID,Latah County,16057,Republican,Donald Trump,919,0.23
110,Idaho,ID,Latah County,16057,Republican,Marco Rubio,457,0.11
111,Idaho,ID,Latah County,16057,Republican,John Kasich,329,0.08
112,Idaho,ID,Lemhi County,16059,Republican,Donald Trump,757,0.38
113,Idaho,ID,Lemhi County,16059,Republican,Ted Cruz,597,0.3
114,Idaho,ID,Lemhi County,16059,Republican,Marco Rubio,335,0.17
115,Idaho,ID,Lemhi County,16059,Republican,John Kasich,195,0.1
116,Idaho,ID,Lewis County,16061,Republican,Donald Trump,286,0.39
117,Idaho,ID,Lewis County,16061,Republican,Ted Cruz,263,0.36
118,Idaho,ID,Lewis County,16061,Republican,Marco Rubio,75,0.1
119,Idaho,ID,Lewis County,16061,Republican,John Kasich,48,0.06
120,Idaho,ID,Lincoln County,5079,Republican,Ted Cruz,276,0.42
121,Idaho,ID,Lincoln County,5079,Republican,Donald Trump,241,0.36
122,Idaho,ID,Lincoln County,5079,Republican,Marco Rubio,73,0.11
123,Idaho,ID,Lincoln County,5079,Republican,John Kasich,50,0.08
124,Idaho,ID,Madison County,1089,Republican,Ted Cruz,4079,0.57
125,Idaho,ID,Madison County,1089,Republican,Marco Rubio,1925,0.27
126,Idaho,ID,Madison County,1089,Republican,Donald Trump,539,0.08
127,Idaho,ID,Madison County,1089,Republican,John Kasich,352,0.05
128,Idaho,ID,Minidoka County,16067,Republican,Ted Cruz,1163,0.46
129,Idaho,ID,Minidoka County,16067,Republican,Donald Trump,755,0.3
130,Idaho,ID,Minidoka County,16067,Republican,Marco Rubio,376,0.15
131,Idaho,ID,Minidoka County,16067,Republican,John Kasich,137,0.05
132,Idaho,ID,Nez Perce County,16069,Republican,Ted Cruz,1583,0.4
133,Idaho,ID,Nez Perce County,16069,Republican,Donald Trump,1419,0.36
134,Idaho,ID,Nez Perce County,16069,Republican,Marco Rubio,461,0.12
135,Idaho,ID,Nez Perce County,16069,Republican,John Kasich,323,0.08
136,Idaho,ID,Oneida County,16071,Republican,Ted Cruz,473,0.6
137,Idaho,ID,Oneida County,16071,Republican,Donald Trump,141,0.18
138,Idaho,ID,Oneida County,16071,Republican,Marco Rubio,110,0.14
139,Idaho,ID,Oneida County,16071,Republican,John Kasich,37,0.05
140,Idaho,ID,Owyhee County,16073,Republican,Ted Cruz,717,0.43
141,Idaho,ID,Owyhee County,16073,Republican,Donald Trump,706,0.42
142,Idaho,ID,Owyhee County,16073,Republican,Marco Rubio,149,0.09
143,Idaho,ID,Owyhee County,16073,Republican,John Kasich,62,0.04
144,Idaho,ID,Payette County,16075,Republican,Ted Cruz,1364,0.41
145,Idaho,ID,Payette County,16075,Republican,Donald Trump,1289,0.38
146,Idaho,ID,Payette County,16075,Republican,Marco Rubio,396,0.12
147,Idaho,ID,Payette County,16075,Republican,John Kasich,217,0.06
148,Idaho,ID,Power County,16077,Republican,Ted Cruz,421,0.48
149,Idaho,ID,Power County,16077,Republican,Donald Trump,184,0.21
150,Idaho,ID,Power County,16077,Republican,Marco Rubio,183,0.21
151,Idaho,ID,Power County,16077,Republican,John Kasich,57,0.06
152,Idaho,ID,Shoshone County,16079,Republican,Donald Trump,632,0.42
153,Idaho,ID,Shoshone County,16079,Republican,Ted Cruz,591,0.39
154,Idaho,ID,Shoshone County,16079,Republican,Marco Rubio,146,0.09
155,Idaho,ID,Shoshone County,16079,Republican,John Kasich,86,0.06
156,Idaho,ID,Teton County,16081,Republican,Ted Cruz,465,0.45
157,Idaho,ID,Teton County,16081,Republican,Donald Trump,238,0.23
158,Idaho,ID,Teton County,16081,Republican,Marco Rubio,196,0.19
159,Idaho,ID,Teton County,16081,Republican,John Kasich,101,0.1
160,Idaho,ID,Twin Falls County,16083,Republican,Ted Cruz,4717,0.49
161,Idaho,ID,Twin Falls County,16083,Republican,Donald Trump,2757,0.29
162,Idaho,ID,Twin Falls County,16083,Republican,Marco Rubio,1202,0.12
163,Idaho,ID,Twin Falls County,16083,Republican,John Kasich,661,0.07
164,Idaho,ID,Valley County,16085,Republican,Donald Trump,575,0.39
165,Idaho,ID,Valley County,16085,Republican,Ted Cruz,476,0.32
166,Idaho,ID,Valley County,16085,Republican,John Kasich,197,0.13
167,Idaho,ID,Valley County,16085,Republican,Marco Rubio,188,0.13
168,Idaho,ID,Washington County,1129,Republican,Ted Cruz,783,0.38
169,Idaho,ID,Washington County,1129,Republican,Donald Trump,766,0.37
170,Idaho,ID,Washington County,1129,Republican,Marco Rubio,261,0.13
171,Idaho,ID,Washington County,1129,Republican,John Kasich,145,0.07
0,Michigan,MI,Alcona County,26001,Republican,Donald Trump,1111,0.52
1,Michigan,MI,Alcona County,26001,Republican,Ted Cruz,460,0.21
2,Michigan,MI,Alcona County,26001,Republican,John Kasich,340,0.16
3,Michigan,MI,Alcona County,26001,Republican,Marco Rubio,138,0.06
4,Michigan,MI,Alger County,26003,Republican,Donald Trump,517,0.41
5,Michigan,MI,Alger County,26003,Republican,Ted Cruz,318,0.25
6,Michigan,MI,Alger County,26003,Republican,John Kasich,281,0.22
7,Michigan,MI,Alger County,26003,Republican,Marco Rubio,99,0.08
8,Michigan,MI,Allegan County,26005,Republican,Ted Cruz,7530,0.37
9,Michigan,MI,Allegan County,26005,Republican,Donald Trump,5327,0.26
10,Michigan,MI,Allegan County,26005,Republican,John Kasich,4636,0.23
11,Michigan,MI,Allegan County,26005,Republican,Marco Rubio,1981,0.1
12,Michigan,MI,Alpena County,26007,Republican,Donald Trump,1885,0.44
13,Michigan,MI,Alpena County,26007,Republican,Ted Cruz,1125,0.26
14,Michigan,MI,Alpena County,26007,Republican,John Kasich,785,0.18
15,Michigan,MI,Alpena County,26007,Republican,Marco Rubio,318,0.07
16,Michigan,MI,Antrim County,26009,Republican,Donald Trump,1969,0.4
17,Michigan,MI,Antrim County,26009,Republican,Ted Cruz,1201,0.25
18,Michigan,MI,Antrim County,26009,Republican,John Kasich,1025,0.21
19,Michigan,MI,Antrim County,26009,Republican,Marco Rubio,424,0.09
20,Michigan,MI,Arenac County,26011,Republican,Donald Trump,1141,0.51
21,Michigan,MI,Arenac County,26011,Republican,Ted Cruz,472,0.21
22,Michigan,MI,Arenac County,26011,Republican,John Kasich,328,0.15
23,Michigan,MI,Arenac County,26011,Republican,Marco Rubio,178,0.08
24,Michigan,MI,Baraga County,26013,Republican,Donald Trump,468,0.44
25,Michigan,MI,Baraga County,26013,Republican,Ted Cruz,239,0.23
26,Michigan,MI,Baraga County,26013,Republican,John Kasich,197,0.19
27,Michigan,MI,Baraga County,26013,Republican,Marco Rubio,96,0.09
28,Michigan,MI,Barry County,26015,Republican,Donald Trump,3478,0.33
29,Michigan,MI,Barry County,26015,Republican,Ted Cruz,3449,0.33
30,Michigan,MI,Barry County,26015,Republican,John Kasich,2191,0.21
31,Michigan,MI,Barry County,26015,Republican,Marco Rubio,875,0.08
32,Michigan,MI,Bay County,12005,Republican,Donald Trump,5738,0.42
33,Michigan,MI,Bay County,12005,Republican,Ted Cruz,3631,0.26
34,Michigan,MI,Bay County,12005,Republican,John Kasich,2304,0.17
35,Michigan,MI,Bay County,12005,Republican,Marco Rubio,1248,0.09
36,Michigan,MI,Benzie County,26019,Republican,Donald Trump,1278,0.41
37,Michigan,MI,Benzie County,26019,Republican,Ted Cruz,782,0.25
38,Michigan,MI,Benzie County,26019,Republican,John Kasich,674,0.21
39,Michigan,MI,Benzie County,26019,Republican,Marco Rubio,264,0.08
40,Michigan,MI,Berrien County,13019,Republican,Donald Trump,7817,0.36
41,Michigan,MI,Berrien County,13019,Republican,Ted Cruz,6603,0.3
42,Michigan,MI,Berrien County,13019,Republican,John Kasich,4219,0.19
43,Michigan,MI,Berrien County,13019,Republican,Marco Rubio,2359,0.11
44,Michigan,MI,Branch County,26023,Republican,Donald Trump,2455,0.4
45,Michigan,MI,Branch County,26023,Republican,Ted Cruz,1535,0.25
46,Michigan,MI,Branch County,26023,Republican,John Kasich,1244,0.21
47,Michigan,MI,Branch County,26023,Republican,Marco Rubio,482,0.08
48,Michigan,MI,Calhoun County,1015,Republican,Donald Trump,5800,0.36
49,Michigan,MI,Calhoun County,1015,Republican,Ted Cruz,4446,0.28
50,Michigan,MI,Calhoun County,1015,Republican,John Kasich,3321,0.21
51,Michigan,MI,Calhoun County,1015,Republican,Marco Rubio,1430,0.09
52,Michigan,MI,Cass County,17017,Republican,Donald Trump,2859,0.39
53,Michigan,MI,Cass County,17017,Republican,Ted Cruz,2470,0.34
54,Michigan,MI,Cass County,17017,Republican,John Kasich,1048,0.14
55,Michigan,MI,Cass County,17017,Republican,Marco Rubio,566,0.08
56,Michigan,MI,Charlevoix County,26029,Republican,Donald Trump,1886,0.38
57,Michigan,MI,Charlevoix County,26029,Republican,John Kasich,1208,0.24
58,Michigan,MI,Charlevoix County,26029,Republican,Ted Cruz,1182,0.24
59,Michigan,MI,Charlevoix County,26029,Republican,Marco Rubio,455,0.09
60,Michigan,MI,Cheboygan County,26031,Republican,Donald Trump,2089,0.46
61,Michigan,MI,Cheboygan County,26031,Republican,Ted Cruz,1082,0.24
62,Michigan,MI,Cheboygan County,26031,Republican,John Kasich,815,0.18
63,Michigan,MI,Cheboygan County,26031,Republican,Marco Rubio,354,0.08
64,Michigan,MI,Chippewa County,26033,Republican,Donald Trump,1959,0.4
65,Michigan,MI,Chippewa County,26033,Republican,Ted Cruz,1320,0.27
66,Michigan,MI,Chippewa County,26033,Republican,John Kasich,904,0.19
67,Michigan,MI,Chippewa County,26033,Republican,Marco Rubio,427,0.09
68,Michigan,MI,Clare County,26035,Republican,Donald Trump,1996,0.47
69,Michigan,MI,Clare County,26035,Republican,Ted Cruz,1060,0.25
70,Michigan,MI,Clare County,26035,Republican,John Kasich,636,0.15
71,Michigan,MI,Clare County,26035,Republican,Marco Rubio,334,0.08
72,Michigan,MI,Clinton County,17027,Republican,Donald Trump,3777,0.3
73,Michigan,MI,Clinton County,17027,Republican,Ted Cruz,3619,0.28
74,Michigan,MI,Clinton County,17027,Republican,John Kasich,3357,0.26
75,Michigan,MI,Clinton County,17027,Republican,Marco Rubio,1290,0.1
76,Michigan,MI,Crawford County,5033,Republican,Donald Trump,1108,0.49
77,Michigan,MI,Crawford County,5033,Republican,Ted Cruz,470,0.21
78,Michigan,MI,Crawford County,5033,Republican,John Kasich,370,0.16
79,Michigan,MI,Crawford County,5033,Republican,Marco Rubio,189,0.08
80,Michigan,MI,Delta County,8029,Republican,Donald Trump,1954,0.4
81,Michigan,MI,Delta County,8029,Republican,Ted Cruz,1402,0.28
82,Michigan,MI,Delta County,8029,Republican,John Kasich,874,0.18
83,Michigan,MI,Delta County,8029,Republican,Marco Rubio,434,0.09
84,Michigan,MI,Dickinson County,19059,Republican,Donald Trump,1708,0.39
85,Michigan,MI,Dickinson County,19059,Republican,Ted Cruz,1226,0.28
86,Michigan,MI,Dickinson County,19059,Republican,John Kasich,876,0.2
87,Michigan,MI,Dickinson County,19059,Republican,Marco Rubio,352,0.08
88,Michigan,MI,Eaton County,26045,Republican,Donald Trump,5386,0.34
89,Michigan,MI,Eaton County,26045,Republican,Ted Cruz,4496,0.29
90,Michigan,MI,Eaton County,26045,Republican,John Kasich,3415,0.22
91,Michigan,MI,Eaton County,26045,Republican,Marco Rubio,1636,0.1
92,Michigan,MI,Emmet County,19063,Republican,Donald Trump,2244,0.35
93,Michigan,MI,Emmet County,19063,Republican,Ted Cruz,1564,0.25
94,Michigan,MI,Emmet County,19063,Republican,John Kasich,1557,0.24
95,Michigan,MI,Emmet County,19063,Republican,Marco Rubio,677,0.11
96,Michigan,MI,Genesee County,26049,Republican,Donald Trump,16756,0.42
97,Michigan,MI,Genesee County,26049,Republican,Ted Cruz,9824,0.24
98,Michigan,MI,Genesee County,26049,Republican,John Kasich,7730,0.19
99,Michigan,MI,Genesee County,26049,Republican,Marco Rubio,3630,0.09
100,Michigan,MI,Gladwin County,26051,Republican,Donald Trump,1774,0.45
101,Michigan,MI,Gladwin County,26051,Republican,Ted Cruz,927,0.24
102,Michigan,MI,Gladwin County,26051,Republican,John Kasich,665,0.17
103,Michigan,MI,Gladwin County,26051,Republican,Marco Rubio,304,0.08
104,Michigan,MI,Gogebic County,26053,Republican,Donald Trump,753,0.44
105,Michigan,MI,Gogebic County,26053,Republican,Ted Cruz,399,0.23
106,Michigan,MI,Gogebic County,26053,Republican,John Kasich,325,0.19
107,Michigan,MI,Gogebic County,26053,Republican,Marco Rubio,173,0.1
108,Michigan,MI,Grand Traverse County,26055,Republican,Donald Trump,5891,0.34
109,Michigan,MI,Grand Traverse County,26055,Republican,Ted Cruz,4557,0.26
110,Michigan,MI,Grand Traverse County,26055,Republican,John Kasich,3925,0.23
111,Michigan,MI,Grand Traverse County,26055,Republican,Marco Rubio,1890,0.11
112,Michigan,MI,Gratiot County,26057,Republican,Donald Trump,1799,0.37
113,Michigan,MI,Gratiot County,26057,Republican,Ted Cruz,1619,0.34
114,Michigan,MI,Gratiot County,26057,Republican,John Kasich,819,0.17
115,Michigan,MI,Gratiot County,26057,Republican,Marco Rubio,383,0.08
116,Michigan,MI,Hillsdale County,26059,Republican,Donald Trump,3060,0.41
117,Michigan,MI,Hillsdale County,26059,Republican,Ted Cruz,2095,0.28
118,Michigan,MI,Hillsdale County,26059,Republican,John Kasich,1321,0.18
119,Michigan,MI,Hillsdale County,26059,Republican,Marco Rubio,547,0.07
120,Michigan,MI,Houghton County,26061,Republican,Ted Cruz,1497,0.34
121,Michigan,MI,Houghton County,26061,Republican,Donald Trump,1375,0.31
122,Michigan,MI,Houghton County,26061,Republican,John Kasich,926,0.21
123,Michigan,MI,Houghton County,26061,Republican,Marco Rubio,439,0.1
124,Michigan,MI,Huron County,26063,Republican,Donald Trump,2346,0.43
125,Michigan,MI,Huron County,26063,Republican,Ted Cruz,1250,0.23
126,Michigan,MI,Huron County,26063,Republican,John Kasich,1056,0.19
127,Michigan,MI,Huron County,26063,Republican,Marco Rubio,515,0.09
128,Michigan,MI,Ingham County,26065,Republican,Donald Trump,8056,0.29
129,Michigan,MI,Ingham County,26065,Republican,John Kasich,7725,0.28
130,Michigan,MI,Ingham County,26065,Republican,Ted Cruz,7042,0.26
131,Michigan,MI,Ingham County,26065,Republican,Marco Rubio,3064,0.11
132,Michigan,MI,Ionia County,26067,Republican,Donald Trump,2676,0.33
133,Michigan,MI,Ionia County,26067,Republican,Ted Cruz,2630,0.32
134,Michigan,MI,Ionia County,26067,Republican,John Kasich,1783,0.22
135,Michigan,MI,Ionia County,26067,Republican,Marco Rubio,685,0.08
136,Michigan,MI,Iosco County,26069,Republican,Donald Trump,1973,0.52
137,Michigan,MI,Iosco County,26069,Republican,Ted Cruz,676,0.18
138,Michigan,MI,Iosco County,26069,Republican,John Kasich,608,0.16
139,Michigan,MI,Iosco County,26069,Republican,Marco Rubio,326,0.09
140,Michigan,MI,Iron County,26071,Republican,Donald Trump,868,0.47
141,Michigan,MI,Iron County,26071,Republican,Ted Cruz,462,0.25
142,Michigan,MI,Iron County,26071,Republican,John Kasich,333,0.18
143,Michigan,MI,Iron County,26071,Republican,Marco Rubio,103,0.06
144,Michigan,MI,Isabella County,26073,Republican,Donald Trump,2180,0.35
145,Michigan,MI,Isabella County,26073,Republican,Ted Cruz,1685,0.27
146,Michigan,MI,Isabella County,26073,Republican,John Kasich,1330,0.22
147,Michigan,MI,Isabella County,26073,Republican,Marco Rubio,704,0.11
148,Michigan,MI,Jackson County,1071,Republican,Donald Trump,8113,0.39
149,Michigan,MI,Jackson County,1071,Republican,Ted Cruz,5199,0.25
150,Michigan,MI,Jackson County,1071,Republican,John Kasich,4380,0.21
151,Michigan,MI,Jackson County,1071,Republican,Marco Rubio,1929,0.09
152,Michigan,MI,Kalamazoo County,26077,Republican,John Kasich,9104,0.28
153,Michigan,MI,Kalamazoo County,26077,Republican,Ted Cruz,8878,0.27
154,Michigan,MI,Kalamazoo County,26077,Republican,Donald Trump,8655,0.27
155,Michigan,MI,Kalamazoo County,26077,Republican,Marco Rubio,3795,0.12
156,Michigan,MI,Kalkaska County,26079,Republican,Donald Trump,1724,0.5
157,Michigan,MI,Kalkaska County,26079,Republican,Ted Cruz,790,0.23
158,Michigan,MI,Kalkaska County,26079,Republican,John Kasich,523,0.15
159,Michigan,MI,Kalkaska County,26079,Republican,Marco Rubio,265,0.08
160,Michigan,MI,Kent County,10001,Republican,Ted Cruz,35185,0.36
161,Michigan,MI,Kent County,10001,Republican,John Kasich,25562,0.26
162,Michigan,MI,Kent County,10001,Republican,Donald Trump,22742,0.23
163,Michigan,MI,Kent County,10001,Republican,Marco Rubio,11542,0.12
164,Michigan,MI,Keweenaw County,26083,Republican,Donald Trump,184,0.42
165,Michigan,MI,Keweenaw County,26083,Republican,Ted Cruz,105,0.24
166,Michigan,MI,Keweenaw County,26083,Republican,John Kasich,76,0.17
167,Michigan,MI,Keweenaw County,26083,Republican,Marco Rubio,50,0.11
168,Michigan,MI,Lake County,6033,Republican,Donald Trump,803,0.51
169,Michigan,MI,Lake County,6033,Republican,Ted Cruz,382,0.24
170,Michigan,MI,Lake County,6033,Republican,John Kasich,237,0.15
171,Michigan,MI,Lake County,6033,Republican,Marco Rubio,99,0.06
172,Michigan,MI,Lapeer County,26087,Republican,Donald Trump,7446,0.46
173,Michigan,MI,Lapeer County,26087,Republican,Ted Cruz,3821,0.23
174,Michigan,MI,Lapeer County,26087,Republican,John Kasich,3012,0.18
175,Michigan,MI,Lapeer County,26087,Republican,Marco Rubio,1160,0.07
176,Michigan,MI,Leelanau County,26089,Republican,Donald Trump,1613,0.33
177,Michigan,MI,Leelanau County,26089,Republican,John Kasich,1251,0.26
178,Michigan,MI,Leelanau County,26089,Republican,Ted Cruz,1160,0.24
179,Michigan,MI,Leelanau County,26089,Republican,Marco Rubio,542,0.11
180,Michigan,MI,Lenawee County,26091,Republican,Donald Trump,5167,0.36
181,Michigan,MI,Lenawee County,26091,Republican,Ted Cruz,3904,0.27
182,Michigan,MI,Lenawee County,26091,Republican,John Kasich,3713,0.26
183,Michigan,MI,Lenawee County,26091,Republican,Marco Rubio,1028,0.07
184,Michigan,MI,Livingston County,17105,Republican,Donald Trump,15359,0.39
185,Michigan,MI,Livingston County,17105,Republican,John Kasich,9383,0.24
186,Michigan,MI,Livingston County,17105,Republican,Ted Cruz,9324,0.24
187,Michigan,MI,Livingston County,17105,Republican,Marco Rubio,3340,0.09
188,Michigan,MI,Luce County,26095,Republican,Donald Trump,407,0.44
189,Michigan,MI,Luce County,26095,Republican,Ted Cruz,242,0.26
190,Michigan,MI,Luce County,26095,Republican,John Kasich,154,0.16
191,Michigan,MI,Luce County,26095,Republican,Marco Rubio,66,0.07
192,Michigan,MI,Mackinac County,26097,Republican,Donald Trump,856,0.43
193,Michigan,MI,Mackinac County,26097,Republican,Ted Cruz,439,0.22
194,Michigan,MI,Mackinac County,26097,Republican,John Kasich,416,0.21
195,Michigan,MI,Mackinac County,26097,Republican,Marco Rubio,172,0.09
196,Michigan,MI,Macomb County,26099,Republican,Donald Trump,60492,0.48
197,Michigan,MI,Macomb County,26099,Republican,John Kasich,27534,0.22
198,Michigan,MI,Macomb County,26099,Republican,Ted Cruz,19988,0.16
199,Michigan,MI,Macomb County,26099,Republican,Marco Rubio,10206,0.08
200,Michigan,MI,Manistee County,26101,Republican,Donald Trump,1552,0.42
201,Michigan,MI,Manistee County,26101,Republican,Ted Cruz,979,0.26
202,Michigan,MI,Manistee County,26101,Republican,John Kasich,756,0.2
203,Michigan,MI,Manistee County,26101,Republican,Marco Rubio,280,0.07
204,Michigan,MI,Marquette County,26103,Republican,Donald Trump,2524,0.33
205,Michigan,MI,Marquette County,26103,Republican,Ted Cruz,2094,0.27
206,Michigan,MI,Marquette County,26103,Republican,John Kasich,1984,0.26
207,Michigan,MI,Marquette County,26103,Republican,Marco Rubio,691,0.09
208,Michigan,MI,Mason County,17125,Republican,Donald Trump,1785,0.36
209,Michigan,MI,Mason County,17125,Republican,Ted Cruz,1546,0.31
210,Michigan,MI,Mason County,17125,Republican,John Kasich,993,0.2
211,Michigan,MI,Mason County,17125,Republican,Marco Rubio,458,0.09
212,Michigan,MI,Mecosta County,26107,Republican,Donald Trump,2113,0.37
213,Michigan,MI,Mecosta County,26107,Republican,Ted Cruz,1780,0.31
214,Michigan,MI,Mecosta County,26107,Republican,John Kasich,943,0.16
215,Michigan,MI,Mecosta County,26107,Republican,Marco Rubio,521,0.09
216,Michigan,MI,Menominee County,26109,Republican,Donald Trump,1304,0.46
217,Michigan,MI,Menominee County,26109,Republican,Ted Cruz,707,0.25
218,Michigan,MI,Menominee County,26109,Republican,John Kasich,421,0.15
219,Michigan,MI,Menominee County,26109,Republican,Marco Rubio,266,0.09
220,Michigan,MI,Midland County,26111,Republican,Ted Cruz,4720,0.34
221,Michigan,MI,Midland County,26111,Republican,Donald Trump,3909,0.28
222,Michigan,MI,Midland County,26111,Republican,John Kasich,3366,0.24
223,Michigan,MI,Midland County,26111,Republican,Marco Rubio,1506,0.11
224,Michigan,MI,Missaukee County,26113,Republican,Donald Trump,1221,0.39
225,Michigan,MI,Missaukee County,26113,Republican,Ted Cruz,887,0.29
226,Michigan,MI,Missaukee County,26113,Republican,John Kasich,537,0.17
227,Michigan,MI,Missaukee County,26113,Republican,Marco Rubio,254,0.08
228,Michigan,MI,Monroe County,1099,Republican,Donald Trump,8802,0.4
229,Michigan,MI,Monroe County,1099,Republican,John Kasich,5482,0.25
230,Michigan,MI,Monroe County,1099,Republican,Ted Cruz,5049,0.23
231,Michigan,MI,Monroe County,1099,Republican,Marco Rubio,1413,0.06
232,Michigan,MI,Montcalm County,26117,Republican,Donald Trump,3051,0.35
233,Michigan,MI,Montcalm County,26117,Republican,Ted Cruz,2909,0.33
234,Michigan,MI,Montcalm County,26117,Republican,John Kasich,1538,0.18
235,Michigan,MI,Montcalm County,26117,Republican,Marco Rubio,662,0.08
236,Michigan,MI,Montmorency County,26119,Republican,Donald Trump,1046,0.51
237,Michigan,MI,Montmorency County,26119,Republican,Ted Cruz,403,0.2
238,Michigan,MI,Montmorency County,26119,Republican,John Kasich,325,0.16
239,Michigan,MI,Montmorency County,26119,Republican,Marco Rubio,155,0.07
240,Michigan,MI,Muskegon County,26121,Republican,Ted Cruz,6478,0.34
241,Michigan,MI,Muskegon County,26121,Republican,Donald Trump,5757,0.31
242,Michigan,MI,Muskegon County,26121,Republican,John Kasich,3706,0.2
243,Michigan,MI,Muskegon County,26121,Republican,Marco Rubio,1875,0.1
244,Michigan,MI,Newaygo County,26123,Republican,Ted Cruz,3557,0.41
245,Michigan,MI,Newaygo County,26123,Republican,Donald Trump,2660,0.31
246,Michigan,MI,Newaygo County,26123,Republican,John Kasich,1417,0.16
247,Michigan,MI,Newaygo County,26123,Republican,Marco Rubio,618,0.07
248,Michigan,MI,Oakland County,26125,Republican,Donald Trump,69399,0.36
249,Michigan,MI,Oakland County,26125,Republican,John Kasich,61053,0.32
250,Michigan,MI,Oakland County,26125,Republican,Ted Cruz,33634,0.18
251,Michigan,MI,Oakland County,26125,Republican,Marco Rubio,18536,0.1
252,Michigan,MI,Oceana County,26127,Republican,Ted Cruz,1698,0.38
253,Michigan,MI,Oceana County,26127,Republican,Donald Trump,1339,0.3
254,Michigan,MI,Oceana County,26127,Republican,John Kasich,924,0.2
255,Michigan,MI,Oceana County,26127,Republican,Marco Rubio,331,0.07
256,Michigan,MI,Ogemaw County,26129,Republican,Donald Trump,1612,0.51
257,Michigan,MI,Ogemaw County,26129,Republican,Ted Cruz,700,0.22
258,Michigan,MI,Ogemaw County,26129,Republican,John Kasich,489,0.15
259,Michigan,MI,Ogemaw County,26129,Republican,Marco Rubio,222,0.07
260,Michigan,MI,Ontonagon County,26131,Republican,Donald Trump,519,0.48
261,Michigan,MI,Ontonagon County,26131,Republican,Ted Cruz,209,0.19
262,Michigan,MI,Ontonagon County,26131,Republican,John Kasich,203,0.19
263,Michigan,MI,Ontonagon County,26131,Republican,Marco Rubio,95,0.09
264,Michigan,MI,Osceola County,12097,Republican,Donald Trump,1812,0.43
265,Michigan,MI,Osceola County,12097,Republican,Ted Cruz,1276,0.3
266,Michigan,MI,Osceola County,12097,Republican,John Kasich,645,0.15
267,Michigan,MI,Osceola County,12097,Republican,Marco Rubio,294,0.07
268,Michigan,MI,Oscoda County,26135,Republican,Donald Trump,705,0.47
269,Michigan,MI,Oscoda County,26135,Republican,Ted Cruz,369,0.25
270,Michigan,MI,Oscoda County,26135,Republican,John Kasich,247,0.17
271,Michigan,MI,Oscoda County,26135,Republican,Marco Rubio,90,0.06
272,Michigan,MI,Otsego County,26137,Republican,Donald Trump,1933,0.45
273,Michigan,MI,Otsego County,26137,Republican,Ted Cruz,1040,0.24
274,Michigan,MI,Otsego County,26137,Republican,John Kasich,800,0.19
275,Michigan,MI,Otsego County,26137,Republican,Marco Rubio,342,0.08
276,Michigan,MI,Ottawa County,20143,Republican,Ted Cruz,23862,0.4
277,Michigan,MI,Ottawa County,20143,Republican,John Kasich,14263,0.24
278,Michigan,MI,Ottawa County,20143,Republican,Donald Trump,11600,0.19
279,Michigan,MI,Ottawa County,20143,Republican,Marco Rubio,7255,0.12
280,Michigan,MI,Presque Isle County,26141,Republican,Donald Trump,916,0.42
281,Michigan,MI,Presque Isle County,26141,Republican,Ted Cruz,524,0.24
282,Michigan,MI,Presque Isle County,26141,Republican,John Kasich,423,0.2
283,Michigan,MI,Presque Isle County,26141,Republican,Marco Rubio,216,0.1
284,Michigan,MI,Roscommon County,26143,Republican,Donald Trump,2257,0.5
285,Michigan,MI,Roscommon County,26143,Republican,Ted Cruz,748,0.17
286,Michigan,MI,Roscommon County,26143,Republican,John Kasich,726,0.16
287,Michigan,MI,Roscommon County,26143,Republican,Marco Rubio,409,0.09
288,Michigan,MI,Saginaw County,26145,Republican,Donald Trump,9106,0.39
289,Michigan,MI,Saginaw County,26145,Republican,Ted Cruz,6536,0.28
290,Michigan,MI,Saginaw County,26145,Republican,John Kasich,4404,0.19
291,Michigan,MI,Saginaw County,26145,Republican,Marco Rubio,2067,0.09
292,Michigan,MI,Sanilac County,26151,Republican,Donald Trump,3279,0.45
293,Michigan,MI,Sanilac County,26151,Republican,Ted Cruz,1588,0.22
294,Michigan,MI,Sanilac County,26151,Republican,John Kasich,1407,0.19
295,Michigan,MI,Sanilac County,26151,Republican,Marco Rubio,568,0.08
296,Michigan,MI,Schoolcraft County,26153,Republican,Donald Trump,529,0.47
297,Michigan,MI,Schoolcraft County,26153,Republican,John Kasich,242,0.22
298,Michigan,MI,Schoolcraft County,26153,Republican,Ted Cruz,217,0.19
299,Michigan,MI,Schoolcraft County,26153,Republican,Marco Rubio,78,0.07
300,Michigan,MI,Shiawassee County,26155,Republican,Donald Trump,3864,0.39
301,Michigan,MI,Shiawassee County,26155,Republican,Ted Cruz,2745,0.27
302,Michigan,MI,Shiawassee County,26155,Republican,John Kasich,1853,0.19
303,Michigan,MI,Shiawassee County,26155,Republican,Marco Rubio,876,0.09
304,Michigan,MI,St. Clair County,1115,Republican,Donald Trump,11995,0.49
305,Michigan,MI,St. Clair County,1115,Republican,John Kasich,5093,0.21
306,Michigan,MI,St. Clair County,1115,Republican,Ted Cruz,4846,0.2
307,Michigan,MI,St. Clair County,1115,Republican,Marco Rubio,1777,0.07
308,Michigan,MI,St. Joseph County,18141,Republican,Ted Cruz,2655,0.34
309,Michigan,MI,St. Joseph County,18141,Republican,Donald Trump,2528,0.32
310,Michigan,MI,St. Joseph County,18141,Republican,John Kasich,1691,0.22
311,Michigan,MI,St. Joseph County,18141,Republican,Marco Rubio,600,0.08
312,Michigan,MI,Tuscola County,26157,Republican,Donald Trump,3750,0.42
313,Michigan,MI,Tuscola County,26157,Republican,Ted Cruz,2668,0.3
314,Michigan,MI,Tuscola County,26157,Republican,John Kasich,1268,0.14
315,Michigan,MI,Tuscola County,26157,Republican,Marco Rubio,658,0.07
316,Michigan,MI,Van Buren County,5141,Republican,Donald Trump,3287,0.35
317,Michigan,MI,Van Buren County,5141,Republican,Ted Cruz,2579,0.28
318,Michigan,MI,Van Buren County,5141,Republican,John Kasich,2092,0.22
319,Michigan,MI,Van Buren County,5141,Republican,Marco Rubio,932,0.1
320,Michigan,MI,Washtenaw County,26161,Republican,John Kasich,12643,0.34
321,Michigan,MI,Washtenaw County,26161,Republican,Donald Trump,10206,0.28
322,Michigan,MI,Washtenaw County,26161,Republican,Ted Cruz,8574,0.23
323,Michigan,MI,Washtenaw County,26161,Republican,Marco Rubio,4101,0.11
324,Michigan,MI,Wayne County,13305,Republican,Donald Trump,55795,0.41
325,Michigan,MI,Wayne County,13305,Republican,John Kasich,38165,0.28
326,Michigan,MI,Wayne County,13305,Republican,Ted Cruz,25155,0.18
327,Michigan,MI,Wayne County,13305,Republican,Marco Rubio,11569,0.08
328,Michigan,MI,Wexford County,26165,Republican,Donald Trump,2578,0.44
329,Michigan,MI,Wexford County,26165,Republican,Ted Cruz,1521,0.26
330,Michigan,MI,Wexford County,26165,Republican,John Kasich,1060,0.18
331,Michigan,MI,Wexford County,26165,Republican,Marco Rubio,395,0.07
